CustomerID,Customer.Lifetime.Value
17,6280.706907694845
19,8710.177184661936
29,8788.642168476175
34,5268.418893058373
37,7570.471472498543
44,7472.738250314165
48,7367.59248912241
49,9508.252293033058
54,14902.84298685359
65,5484.989468209628
77,7134.149623078409
80,7306.342794447909
94,5344.173903798146
95,8893.356222616914
107,11062.0928617154
113,9128.276106083065
115,6904.01306640289
131,9044.565602188362
144,7095.434967109677
148,11512.271385105498
157,10526.946276308168
158,6165.204062688751
191,11619.534982946487
196,5497.995542886712
198,7402.342774280507
203,7835.154678769313
224,6380.865658835795
232,10263.581720141598
235,8833.491179244536
245,6561.800267381437
250,10125.520922190895
253,6997.668325721841
258,8109.358615046177
261,9240.343467509021
262,10258.466154730142
263,5539.899027274641
275,8940.445389131384
279,6856.882803250419
285,6351.140802848031
286,13387.38361695658
290,10746.428308107112
304,7046.183991791437
305,7579.8131334123755
310,6764.4105323423
312,8802.646642701566
313,6699.277460922898
317,6170.202139014631
318,5781.05077479303
324,7700.87386436463
334,10764.387841226817
337,3236.0662773571344
358,5922.070598947468
359,8876.500588409606
382,5611.323572908694
395,10200.573483219767
396,6867.683586816478
400,4174.880589192718
406,7562.699609727096
409,8539.137110768545
410,6265.042243125319
421,9533.843237263834
436,5791.7007445704585
438,7462.071753510139
439,5830.743167754155
451,9826.285039208547
452,7483.422798347514
479,4360.31488044246
481,5950.386686329091
487,5651.265492257774
507,8209.965517445366
509,7215.7780925440375
512,6715.091954103256
521,10341.714726434451
528,10680.94923690442
530,13194.21762150879
532,8666.435216313303
546,9905.889434345332
549,6783.381304918372
550,6492.947551035757
551,9873.46431849504
571,11702.963347356846
574,6305.277003999004
575,6218.062552219642
588,14344.046521235286
595,6538.206909497963
602,8146.982431606102
616,9801.613963434413
619,6960.466787568046
624,7511.129380575354
627,7139.013192260098
635,12726.876110649984
649,6642.464225467643
663,8673.942709102335
666,5686.745234683944
673,7062.431046566172
686,7593.920276799732
719,5444.357972600123
724,8083.548129096865
728,3802.0523476942567
735,9295.034843359283
741,10001.459066234685
744,7625.1341451460685
754,18152.043911446224
774,9210.259348787515
780,4993.471192996971
802,5393.5852531135415
828,8079.477105194581
833,8836.265298018825
836,8535.88847987097
837,7053.985282215543
842,8491.278923895607
843,8110.763079279566
850,9640.59225461799
852,8600.981956506399
858,12120.367006218115
865,7766.184420788704
874,8525.567652379737
876,7004.966582559889
878,5409.137605177998
880,7601.849548727374
889,8034.893311511934
890,7302.199442205457
895,6565.255703846854
904,6834.124823660141
907,5923.159392720036
908,9190.269963853898
913,8116.14898684127
923,8601.128589312935
925,8420.522160491157
940,8509.548994140787
950,4745.694178081881
958,7879.875490702573
965,7124.132392626458
966,6483.382970483042
974,9954.411319627618
977,8554.244808779062
978,7262.574059790048
981,8089.324376134023
1004,7337.254519073099
1006,5639.9756367317605
1015,7051.861497508233
1016,9974.657099071583
1020,8502.853088497086
1021,6172.397498085371
1027,9625.088858535666
1040,8851.156970360582
1043,10246.837278194234
1058,8417.118537141816
1060,12347.969687622222
1068,5972.2271283422215
1078,9447.835449252649
1090,4108.30279933679
1111,9365.695336640776
1116,6786.574034011928
1126,8976.784317382926
1145,10564.327218783292
1157,10465.413300052882
1159,10247.8235225006
1162,12379.583984547073
1169,10176.094632630904
1172,9519.126115372981
1184,5974.200628267545
1188,9241.549963923248
1191,8313.96494427833
1196,14168.882774973103
1210,8877.430679841656
1225,5500.870340272901
1231,20379.333019329682
1234,7234.172609285238
1235,6625.572990160907
1244,8600.654252561211
1245,9351.891005042631
1254,7420.806556789927
1258,4946.107969268323
1270,6240.037114599033
1276,9452.921224672275
1277,6800.552111789564
1279,5560.17575736764
1293,7719.149751074196
1298,6044.048585066783
1303,10379.049976700455
1313,3852.7733292045
1319,18286.268467302994
1322,10135.806178127525
1328,6568.2732426702305
1334,7651.95184484491
1351,6781.250478328586
1363,5515.165413206531
1366,10630.418937339844
1370,5373.209382649211
1383,9094.27366755608
1391,6248.405087296115
1401,8241.241723150146
1404,4654.830959620316
1408,8761.21101750611
1412,9651.189936613213
1418,7559.560258015415
1419,8478.191714263441
1420,7100.813856025156
1431,8530.301381451913
1437,8251.14313962979
1450,6133.873597875834
1460,3283.733435179255
1464,12142.521103726107
1475,7996.262496780972
1476,6679.7285507894485
1478,9350.183899762094
1485,6801.612898684964
1493,3618.456728796834
1494,7715.583842297763
1498,9424.991743280858
1500,9427.98465313603
1522,9097.586794694766
1524,3977.745669057944
1526,6368.752383527921
1532,8023.347414801185
1533,8651.055951182045
1542,8819.898677310632
1546,7832.638091331093
1549,6278.687918089257
1550,6672.1028257715525
1561,9835.735181111702
1567,13845.040746834671
1570,9755.104384697812
1573,6068.472334867502
1584,6979.15386125693
1599,10667.80047800685
1605,6217.986089200127
1613,7889.605054591379
1618,7000.060713176647
1619,6182.170999001528
1638,9677.312829071827
1639,5566.304762436442
1655,9724.799527016843
1659,9130.7259666213
1660,6403.736189541476
1674,3313.4500981008036
1677,5725.832717721415
1678,6630.992807703113
1683,7392.55455018297
1688,10106.196297341114
1692,9644.27165744391
1714,9540.335293253509
1716,6198.091876576584
1718,7926.356417146813
1719,8660.755451024812
1721,8307.01141319294
1735,10006.545349055632
1737,8573.952024843713
1741,18739.381205181304
1744,6079.944684613074
1749,15926.153514650992
1752,8245.041489443483
1759,18826.324702511014
1770,11072.203026517862
1771,6806.52664876507
1775,6458.706390089785
1777,10004.4976679593
1787,10169.46035501605
1789,6137.304321888147
1796,7828.16171768597
1804,6855.462559932143
1805,8366.848081338605
1808,9152.286986689158
1812,8647.05783491342
1818,7782.592338425602
1822,7925.506160132832
1828,7308.299088636367
1829,8600.61897499208
1848,6487.246893567837
1855,6869.52425436534
1859,7178.147399724368
1866,9066.261350928125
1871,7417.628584167645
1872,7185.267153972031
1878,5685.027076958512
1887,8120.6058729692195
1891,6735.18522174562
1906,7620.512849370343
1909,5567.230430619889
1912,7251.658881290108
1915,10159.507412547951
1929,6796.881627498938
1934,7936.467097179094
1946,7275.749111777073
1953,3681.0263009190435
1959,10480.626294689417
1962,8024.32194260993
1968,10240.589307642229
1976,8870.05738241595
1978,11050.408475245145
1979,9495.923511064611
1980,19055.421384847425
1981,6392.811544670229
1999,7365.222079675048
2006,9492.052189203554
2008,4043.9229880359962
2018,5806.971209910028
2022,7423.208328406532
2027,6481.240508507734
2039,5805.662539491914
2041,5622.603506964915
2056,11314.208947134402
2060,7471.614003773394
2062,6656.029797242743
2065,7297.252962633354
2066,11167.121565599242
2069,8307.250340764072
2070,6948.070658915603
2074,6209.512229426318
2079,12394.614546163732
2091,9167.544882351445
2093,9551.0986676063
2095,8069.497843625719
2097,6065.519833526181
2103,5566.60484225437
2112,7109.210451437195
2113,6820.0135680852345
2114,8986.069435971476
2115,7230.915891410142
2117,3998.817765378317
2122,6599.522566636655
2129,8074.067750679509
2131,6317.903266301651
2151,3474.8816758545886
2152,7991.863623858678
2153,10599.509138322996
2155,7016.058748186061
2160,7189.940862296233
2172,5004.982780790889
2177,6292.087618484822
2178,10113.208514204232
2183,6137.4492590062
2185,6909.984824683197
2188,12124.209114318437
2191,8349.738722030463
2195,6948.257160631474
2196,7942.453873774408
2197,8795.16203221105
2199,7265.5472239591345
2202,6619.038559472461
2203,12256.233258497941
2209,7099.395695559024
2227,7466.705706068702
2235,14179.727519875349
2240,6373.954211209902
2259,6296.116681362743
2263,5719.450413348006
2281,6849.977551158805
2286,7023.808934831794
2288,5808.212650462332
2293,7862.450828722025
2299,15817.021968198489
2301,7399.384227133147
2312,7307.532557304245
2316,11267.541969255817
2358,5973.958507424761
2365,10509.683848697743
2366,14829.844594328864
2371,9033.4681955394
2374,10696.300058579707
2377,6242.751278178756
2389,5133.847140607073
2396,5765.626703495114
2401,8406.715863083156
2406,8251.649116480661
2410,7091.597300669316
2453,7561.894022056561
2479,7621.819404097344
2481,17604.495287977214
2482,8596.814290950617
2484,9216.608495649527
2503,9555.113495072366
2512,9313.803796098171
2515,8175.280446340039
2522,5094.959754123114
2523,9152.875626699482
2525,6981.7867369843725
2534,8047.823816826649
2543,10458.280325195406
2547,8455.08579546993
2551,8513.292199276206
2552,10002.122637274168
2557,9088.943170885985
2561,9328.596335731469
2569,4733.039985193028
2571,5203.672431376751
2576,10867.133357141991
2589,5080.117388061604
2603,11457.495622408594
2608,8030.03089711159
2615,6418.801314497919
2622,9388.887964438289
2640,8109.701588277553
2670,9456.698451589938
2673,9812.85570095264
2674,8165.278197833084
2676,6681.825665871907
2688,7388.287649030477
2693,5950.200532457232
2706,7379.6573634150045
2711,6261.538565294091
2713,7076.217485605712
2728,9938.001889259966
2733,9542.860402946444
2744,7054.753288599302
2751,9752.823045132505
2758,8474.454243352257
2766,6960.527657124623
2772,5219.066333010744
2803,7966.173680606443
2806,7576.172563904135
2813,7905.843910103462
2815,5219.227837943456
2819,7377.779145018865
2824,7897.2443159791765
2825,3331.182026284199
2834,9171.445836912259
2836,6597.8462381503705
2847,6565.245666291161
2849,5858.4034954051895
2850,7986.058591591379
2852,6714.181881479821
2855,9115.03132285093
2856,9854.489030272176
2861,6252.31899486148
2878,7831.227123472596
2881,5083.093083769879
2882,9373.977099379423
2891,8014.594940518923
2908,10568.30462446635
2911,12840.425297423255
2916,10416.818037076733
2922,5413.905707555687
2926,6078.288317017431
2937,9594.906269377545
2957,7576.332976658222
2958,6422.631645996206
2965,5941.946657261553
2970,7494.909180983792
2972,6421.023271238262
2974,7768.37901698715
2980,9768.898595098075
2982,16272.961969071792
2983,5250.349747648278
3004,7765.661380851043
3008,4711.1112536155415
3026,5883.772442687601
3028,12463.005886911349
3030,7614.950357727578
3041,6270.186353939066
3044,6909.789731567457
3045,7698.830619368076
3049,6727.161400456922
3085,9789.137466634245
3094,8252.581654071957
3095,7492.80285804381
3100,5401.884470686304
3108,7374.038577257063
3109,8885.341730827353
3113,10922.871999151359
3114,7100.449525343698
3130,6790.013059533274
3131,6264.943427257964
3136,6206.203668283555
3137,5613.233192205466
3145,7452.589367920493
3147,8051.128696109107
3152,7448.957764353576
3156,6867.3959121002945
3164,4988.213473024092
3172,8648.342188264249
3175,10376.961998025085
3182,6106.620367718546
3185,6916.437151004993
3208,7826.605618338418
3213,8193.127517802877
3215,5535.559570241443
3216,6388.061205924919
3219,6247.6777223651015
3221,7327.560227774218
3224,10039.593230831126
3227,5994.130660116505
3230,8214.697163920602
3253,8899.624894390521
3262,10843.532220110224
3266,12324.213438889561
3269,12352.447420546658
3270,5505.6611190895055
3276,5553.791960852984
3286,8099.4464287632945
3288,6479.229788050237
3291,8929.873901627434
3294,8890.180313633187
3300,6231.814682313864
3305,10695.65446116101
3317,10545.663435195172
3330,8248.38009475201
3333,5189.865657880229
3337,7554.054404915913
3350,11736.354482659877
3381,7409.844977273677
3382,9273.307999595238
3387,10250.929104393821
3394,7663.064523559561
3396,9458.450734113228
3411,5720.987812890793
3415,7443.876197199081
3417,7083.015389603832
3418,5729.385968553887
3421,11101.110221597546
3422,6820.039006360723
3425,7056.624522676075
3448,6478.157755903629
3457,4238.789618169724
3461,6914.1124228363415
3463,7829.547632771319
3467,3787.800134453913
3471,7699.96235452392
3484,5242.963491302447
3491,13226.995266511552
3493,7125.929564675252
3494,6386.215883950435
3497,13713.224625699539
3501,5559.618156475584
3502,10186.090685651256
3509,6371.007768178239
3516,8163.473904739019
3526,6025.3533390945395
3531,7059.527813364613
3534,9203.714792130424
3543,12108.437541815048
3544,10054.428353864601
3547,6935.662909687655
3558,7033.395391926817
3563,6332.198442646628
3565,5676.6989662387605
3569,8271.093392287923
3570,6757.376672447573
3577,7701.889907997107
3583,6996.41852561364
3584,6731.631166418034
3585,9267.639143858263
3590,9168.63045344934
3595,11126.600332988251
3597,9889.106401897483
3620,10312.54933080137
3628,10504.986003697182
3638,7421.508905044791
3655,7821.839001203038
3663,6644.733217101075
3666,6997.160905167339
3673,6247.863484976478
3676,8894.037039187197
3690,5977.812389720139
3693,21367.213460925053
3697,8737.959066474708
3698,10533.002521993727
3703,5641.881896265231
3708,3849.5528857506856
3709,8503.667705247637
3718,5688.339919550524
3722,7345.033842955958
3724,7055.746731357014
3725,9286.499085364441
3727,6377.55998682525
3741,7649.826748582287
3743,5560.948968935746
3746,8099.681116079138
3747,9188.477202820464
3749,5951.5661420032975
3751,8108.87214276856
3752,8591.711409092597
3753,6231.945159267118
3764,5746.007037580436
3767,7255.056946477042
3789,5802.671264525763
3791,6275.6198604332185
3794,8643.111891398214
3798,7596.083072065646
3802,7177.85292893244
3807,11069.169541561876
3819,6829.3324839871675
3820,8955.994360920155
3824,7120.780476104448
3828,6174.506137701813
3835,6050.364920486895
3838,8663.117358806645
3839,10649.668978588104
3841,10531.81837200803
3842,6320.992830940624
3853,8460.786774772678
3857,9680.486505437219
3858,6907.70563386773
3860,6941.1782410221385
3866,9525.082252924258
3873,7956.40338431145
3894,6333.605657352957
3895,7347.313455927724
3900,6976.516416374238
3904,8996.632542372663
3905,6557.049855517051
3909,5442.306807212569
3911,6327.393224840927
3917,7444.372977626298
3920,6027.02822378024
3934,7136.5843488825285
3935,5449.452412555543
3938,7006.552243055053
3939,8060.107101639211
3942,6959.475252652793
3945,10005.846518352553
3947,5613.897307596231
3961,7211.651958374686
3965,6991.818875585368
3970,10796.216815178668
3972,7650.591676078802
3975,6419.911455179719
3990,10005.748686889274
4014,10739.005356092764
4015,9693.882595795349
4025,5626.73610915084
4038,7072.659241326125
4044,9386.196997316383
4047,7046.34421573966
4053,8627.694714921
4056,8477.577496780013
4071,9230.808792179387
4072,7553.783395565008
4073,6886.743893755884
4074,12342.370247839062
4075,10230.852603731055
4077,6660.156514043862
4083,14001.960482512983
4086,12851.97721503074
4090,5878.635287380941
4104,5212.045342394949
4107,11578.67850966613
4108,6835.404975116825
4112,3490.5993387475864
4114,6527.199940168661
4121,6569.871229852972
4124,6485.907391966439
4126,5805.852924713128
4131,10238.088687489662
4137,8724.472555582042
4144,7055.998586984907
4151,7074.730629790071
4159,10005.731599143908
4165,8265.443839811756
4169,6783.248853099838
4178,5049.572530591651
4198,7342.78199678291
4202,8028.191716776778
4205,8016.016595519581
4216,6330.657624241141
4223,10159.149627076424
4224,3134.876814925392
4264,6294.578799233106
4273,7457.70326509914
4281,5609.106264693477
4312,9442.998645811898
4313,5955.329015866921
4315,7509.502419501383
4331,8989.37768941977
4340,7577.369339102917
4344,6016.771073731201
4345,6195.813243589428
4346,7690.030560966632
4351,9766.735773319873
4358,10568.191585191285
4369,7526.005330621057
4376,5530.812958641912
4383,8474.975779113745
4390,9663.579541286465
4393,6466.7949927528525
4394,6140.222705170446
4400,4342.174561842637
4401,9983.595711499038
4417,6281.53292833908
4422,8870.92538626122
4431,9878.403789749304
4439,8168.220014867927
4442,9887.840062878735
4443,10410.986923931603
4446,7282.1991616980185
4451,6226.034493357041
4455,6299.559799957302
4462,7160.4784561955785
4463,6595.805159589203
4465,6270.309433503162
4475,8672.16374455762
4481,3407.2054704746038
4495,7229.345558632378
4503,6521.165197727225
4510,4121.015770247822
4515,6996.04650162619
4523,8092.466286122275
4539,12107.214000690426
4548,13572.425311636991
4551,5654.485774675701
4554,6747.624617096503
4565,10638.826695712878
4588,10409.70123062777
4591,15228.941759760364
4593,8520.683015361523
4609,7428.1360372078125
4631,8938.920367048602
4656,9326.761652686202
4661,10760.794272945572
4677,5845.445531713955
4679,6493.6977618408255
4681,8265.929786109433
4684,8103.273626063096
4686,6271.202557065424
4699,8443.839200069659
4705,11184.477548430852
4724,9451.378347277801
4725,9077.860300233926
4732,11692.963105292114
4747,5806.665439480737
4755,7356.672290799034
4761,14176.880297767559
4764,9213.550348603618
4768,10299.431286534
4774,6694.16837880227
4782,6594.812506688393
4783,6255.937077092956
4787,6815.820074273282
4789,8232.903791540168
4792,9354.817633572638
4793,6401.270964434993
4804,6252.585214458482
4808,10718.24703282728
4809,6987.5343879512275
4817,6206.085091473975
4818,8600.667313791808
4823,6910.034246017927
4824,5817.556081168457
4826,4738.523828053048
4828,10303.478097462106
4830,4500.480825265022
4849,11170.253171259606
4866,7710.454701166867
4870,9756.389067663535
4876,8084.2810054066995
4879,6702.954419856849
4896,10100.747828483107
4902,8464.953074895882
4907,6638.703298029055
4928,11988.152305681768
4930,9606.224039514771
4954,7537.2262105696345
4962,15128.122525646915
4969,5067.89419648417
4971,5989.586184960181
4992,6185.743862946917
4998,8420.16676929407
5001,10257.823864595259
5002,7524.819675981342
5004,7599.363293616466
5008,12929.527306231455
5017,6890.813666687138
5037,5490.065528862416
5051,7151.216231550119
5053,6206.425272003685
5058,4839.982162607093
5062,12075.188121129053
5080,9110.351857047754
5086,6220.873157765829
5095,10108.646179174177
5099,6493.015602623062
5108,5954.98061609682
5112,8914.145472526736
5128,7586.841132559834
5150,5809.697732143967
5152,6302.825220742553
5155,9332.778741544244
5156,8602.22032440681
5173,3433.653937725352
5186,5481.1511354666645
5189,6964.962279227786
5202,5714.065280088504
5205,6277.358009399904
5210,7766.20156716171
5211,8729.86387102901
5220,8929.804262015252
5222,6612.918212578565
5225,7741.114920038135
5226,6451.258750039997
5231,7220.025497832803
5235,8370.4214653868
5239,3995.91334415578
5258,9540.727476344255
5264,9899.345747262785
5275,8274.390887770052
5277,8724.753282125526
5290,9309.539369762264
5300,7689.057668837391
5305,4117.215269853574
5308,8061.169320263764
5311,6534.334899342712
5313,7241.694874910813
5315,9557.031357945836
5318,10181.018796449793
5321,8167.777017085478
5324,5687.461722427409
5327,9974.931949695427
5337,5250.3970656141455
5369,11511.382871660719
5391,8659.61575650559
5392,10205.58322766177
5393,10149.202059239755
5396,7838.181637445464
5401,8914.79548584599
5410,18808.572208438913
5414,7795.068326285934
5427,9380.901237161228
5428,7856.560029226409
5429,6244.764781819133
5439,7822.839120613388
5456,7215.330672735348
5457,6947.9722395055105
5461,8825.503241949536
5462,7139.176780071411
5468,11481.121913064202
5469,15136.485791463776
5481,8270.295436497032
5482,7617.686953787121
5499,5577.441368710433
5501,8999.340552793437
5504,4452.766447098394
5511,5921.955701833151
5516,5889.9388854815015
5520,10016.917244096705
5521,4540.284198778313
5532,10197.119081174762
5548,8278.61064100633
5552,10495.364689100372
5558,10233.50907242342
5559,6004.707288364983
5567,11290.271254247305
5579,9370.251561048357
5590,6684.1198582742
5592,7887.318997869676
5599,6749.919002634531
5600,5304.465032848556
5602,6138.862797656366
5603,6738.966348238888
5622,8176.0410672766175
5623,6778.8498702704765
5625,8993.275049579766
5627,7161.1345980431515
5628,11026.663325455947
5629,2402.855565444581
5630,9219.043816962161
5636,7530.262455471597
5652,7473.628364848593
5665,6787.195617780273
5670,7032.680267886487
5672,4295.277350771044
5681,9110.351857047754
5700,10061.81071566181
5703,7630.618066992386
5707,7523.138639458641
5711,6732.2305561895455
5715,14515.920792739616
5720,4851.893804787171
5721,7146.602324772324
5723,3482.9939984549533
5733,12774.664123908758
5738,6754.8376952926665
5747,9746.695396569758
5756,9766.099316878215
5759,8024.248745859679
5760,9712.61803939339
5765,8124.382358621101
5774,4693.370504758093
5780,6437.426395216848
5783,5962.938437329716
5798,6486.4423068882725
5799,4309.62682754857
5806,8737.32222971028
5813,7487.943888845751
5826,10431.673702574488
5829,8788.871623597992
5837,8952.59068192604
5860,5170.801349082275
5862,7910.310163633781
5879,5901.518848065879
5886,14039.50540741836
5896,8220.18731766233
5904,7929.152836179233
5907,6368.405697004792
5909,7153.822217221832
5916,3275.1601697661104
5923,7093.720629685162
5944,8714.465630462306
5953,7151.505795072316
5967,5876.360133316006
5980,6062.10330456182
5985,5720.890499942343
5993,7806.126910920461
6001,9050.016989109217
6002,7415.387404604325
6013,7795.92025317069
6026,7197.94099965362
6028,6748.8642993967405
6031,10138.343496860794
6036,8160.309680686138
6041,8440.28910761268
6062,7435.639346007642
6065,9183.711537724786
6077,9772.107780102531
6086,6402.398303257665
6100,7833.160093918831
6102,7243.288996482397
6108,8754.774242612784
6115,9108.154478685861
6116,8796.982292059769
6117,7945.386377912462
6120,5986.661415324741
6128,6726.6524395550605
6131,7077.451020409988
6153,5757.329189422325
6159,12871.686588275279
6161,4372.156595380458
6162,7533.407131998509
6163,8833.249309611801
6170,9283.590198892172
6173,4911.4057740794215
6174,7206.5113694094
6175,5223.964278225238
6183,10413.364477750809
6190,7096.342398045964
6191,5930.110122147915
6194,6894.623326037037
6197,7592.53906538276
6201,9143.404493060292
6202,3904.8879405063644
6205,6913.868867059697
6206,7899.850538956232
6208,9196.252961389391
6211,6767.644247738026
6214,7118.7262278836615
6217,9274.475537545411
6218,5955.562039037101
6219,11194.62768135935
6232,8995.790119922734
6245,5789.498611762885
6254,8995.575382494662
6255,10180.67934703996
6261,19455.690642269707
6274,5757.801056807622
6275,5304.932600679911
6276,6452.70835329032
6285,10087.686746111569
6300,6167.176722488302
6312,6537.465385493268
6325,6524.69424495025
6327,4390.880189604719
6340,5962.303375548627
6342,8064.121431494761
6354,5360.963714139607
6356,7476.436165759823
6372,5093.41403398897
6377,8965.376704490234
6382,7340.04394740072
6393,11213.15363359662
6401,7366.554500932625
6408,10680.776276693783
6410,11077.079168373151
6411,8418.223043977227
6430,10715.392022413835
6444,12137.640050315731
6474,10054.841239471818
6483,8235.29071863315
6494,7332.392999215262
6516,6197.715272340307
6533,8085.512071471242
6534,9473.98978006161
6536,10183.722861956696
6540,5255.413659767154
6543,7517.544544103073
6549,6673.819503733157
6553,1984.2810524402648
6575,9339.273000214816
6587,7161.467509723025
6595,3669.5375354783787
6596,7345.805931125633
6598,20439.28730492631
6599,10749.99400232092
6600,8499.698825296744
6610,6701.077712889968
6623,7338.755305990944
6625,8128.888201090486
6630,4596.530044933737
6634,5143.41549191713
6639,8636.569163040123
6659,11462.652983992835
6671,8659.99983074796
6674,11272.847923506786
6677,6293.998544544835
6679,8879.25696926764
6681,9530.137940720051
6689,13502.757794482146
6694,10353.688217040675
6700,7359.939611885729
6702,8022.318846260418
6709,8899.456568952508
6712,7368.90813260359
6730,15479.569212096725
6732,8974.538575324932
6734,7779.70053067004
6737,8636.330970815317
6742,9029.216340634961
6762,8497.880962136005
6768,10204.225735042884
6769,5835.797266525649
6771,7926.451905629924
6776,6531.992376352514
6779,6759.793343947893
6797,6976.795726745717
6805,8836.265298018825
6806,12510.463233107534
6807,6773.547043391973
6817,8407.196462201156
6823,7802.700782462844
6824,8642.972958603485
6835,7553.139664272934
6836,7592.058759757604
6861,9605.676398457053
6866,7155.90963985537
6873,9900.739420657097
6884,10164.716700029136
6889,8442.598886393149
6892,9531.047135785066
6902,9492.123606935946
6904,8686.954522610518
6908,12198.006132261344
6933,8816.968679472302
6940,6647.322913941276
6945,9758.241942343515
6956,11677.71847546567
6972,7664.418291872091
6974,9526.882311625766
6979,10933.588554898182
6984,6214.542531060988
6987,5391.077993439232
6989,13614.494606416236
6996,5169.947590449715
7002,9489.607226010243
7003,10178.10010471369
7007,7208.7594421852855
7008,6986.380940904045
7018,3179.71350738935
7024,7694.790313959888
7025,7747.163954149125
7031,6828.145776228133
7036,6371.090556423464
7041,9980.354986474644
7051,6474.676155617646
7058,8676.502500498811
7077,7940.055496050546
7080,9300.337642515013
7088,8587.922044358376
7098,10854.83564713127
7117,10027.646946325593
7127,7565.779574976839
7134,4801.986922028074
7136,9917.760480757379
7143,6317.025183248414
7149,5947.085296300811
7150,8703.13682729677
7153,7525.372896134613
7195,5909.105206154299
7196,4152.35015618288
7201,1338.0880403811302
7215,6751.102010071012
7220,6527.36278033734
7229,5905.032309189579
7231,7707.739240931432
7247,6329.657767771568
7249,8346.042653472257
7256,6101.339003696258
7258,5017.777904702232
7263,7123.6899628860265
7270,5160.170029987792
7284,7544.55445032723
7294,9562.433768743553
7296,16096.686335228671
7302,7584.504281262978
7307,8573.31440150345
7308,4086.517150475917
7310,8913.662808369156
7318,8152.265525643304
7323,6791.891107927748
7326,6512.719361404758
7332,8138.775229964353
7334,4727.822220132722
7335,10591.009675631509
7342,8140.15461884467
7356,10878.130912231642
7381,5895.544145345828
7383,5130.881394502932
7384,10357.103513215412
7400,11603.462196157532
7411,8613.04508934472
7414,3640.4994924421526
7417,8146.054006864355
7424,8054.931239409806
7433,8670.115188162727
7435,8169.18662896768
7436,7086.74950002329
7439,7229.546582066563
7444,11123.776356137629
7445,5651.053501923039
7454,12436.946945000778
7458,8667.168791894257
7461,7106.4069433466675
7469,10736.853318732628
7475,5996.526108983564
7479,7627.885154736651
7487,11054.167375728932
7496,9745.848760444558
7498,4418.604225664915
7501,7304.776455103754
7511,9021.630544518546
7516,7051.093932315136
7524,7977.893997972598
7527,7397.498574814601
7535,9388.713097667081
7537,6128.306991965741
7540,13856.014345877113
7544,6971.987532485287
7549,7461.842143067537
7557,5491.019510439339
7562,7922.051150129284
7570,9845.404919329632
7580,7456.171860387205
7582,9248.777034261988
7584,6913.290482477452
7602,10266.625971879323
7610,4346.764721219139
7612,8452.24915828769
7617,10874.181604136991
7619,7001.824584994168
7622,11138.68199325681
7628,3898.4855263531895
7642,9622.047641451216
7645,8635.16183912553
7649,8821.862799481347
7651,9774.267118192789
7652,4879.303477573772
7656,9267.324898798848
7662,8706.596041404697
7663,8784.38689190325
7665,7861.47146544174
7677,7003.071518143343
7681,7365.51350520373
7686,10452.413727222367
7687,10417.137042604489
7692,5888.386091668708
7697,10818.041267048584
7717,7224.099224887952
7720,5788.338040667657
7723,6842.487111312117
7729,9372.377826539123
7752,12126.479734874094
7759,6022.732984234603
7760,5746.799157294341
7762,10114.14698173516
7763,6192.922806729535
7766,8426.2219336392
7792,5982.628261909718
7795,6537.5069848658295
7800,10877.758866501898
7832,7346.977338018405
7843,7187.213990843549
7847,3690.381698602854
7851,6833.089086505647
7852,6238.067232353145
7855,9229.802845056754
7861,9839.342876492201
7863,9048.119697166461
7865,5025.686070633736
7870,9028.706174395134
7879,6304.529416036097
7885,10875.554526380487
7890,6123.7830631455145
7892,9294.338185317014
7894,8176.663419610258
7896,6750.222846345433
7910,9650.375997126297
7916,6207.534472355577
7920,7284.825345904496
7926,6585.818651335123
7928,6972.704514238878
7949,7328.8532287198495
7953,6554.611396816159
7954,13326.627676885808
7967,6050.302541525457
7970,9254.563822373068
7980,8025.079887561563
7983,9220.666534847005
8000,6871.137252746372
8008,7440.628052640413
8025,8088.662237335443
8035,9617.545102361202
8037,3281.320360210016
8039,12765.38714219012
8054,6620.300812499194
8060,7627.402830058504
8061,10313.230646475733
8065,8211.453966911158
8067,5835.506410867615
8069,6773.29955864636
8079,8050.537430063926
8093,5718.4756032222995
8107,5507.491144057058
8114,6870.257129496464
8117,13109.13396085958
8123,6461.421077924093
8126,11930.440924022252
8133,7085.335665823348
8138,7156.775644188964
8141,6626.322409043285
8143,8387.716592355946
8150,11449.774110803843
8153,8094.126002975419
8160,8126.810643686528
8163,5413.409440574366
8176,7836.846488743825
8180,8294.191574218003
8183,10228.398811898456
8185,7019.471417572204
8187,8686.59741751885
8190,6619.942697946775
8192,3407.73505287824
8201,5763.579005389406
8202,6295.4685651982745
8204,8865.271477915834
8214,8016.016595519581
8216,5532.594192941434
8222,8108.150212756664
8232,6837.8943722684435
8239,6651.086503224976
8240,8512.767756797883
8243,6095.759067726953
8245,7910.1786796863325
8251,6598.689283235573
8269,7667.828841530549
8273,6568.620300338082
8274,9985.951712237615
8277,8967.384108666818
8278,14981.936062514047
8286,7032.8754729217135
8297,10511.05943112713
8298,8424.493078617385
8303,9337.603086424533
8308,4937.2181712129495
8318,6874.835817452986
8321,6494.765655006342
8324,7559.462179259211
8332,9393.426530170571
8334,11601.959012891068
8339,5734.757666963618
8342,6563.814118251214
8344,9497.930465478126
8348,5681.997666966594
8356,9734.20266239714
8361,5967.774402984414
8374,7102.703165605092
8375,5620.05197832402
8383,12152.317389366472
8392,8265.443839811756
8394,9056.73259404235
8402,6250.175597593604
8405,6249.7072485744575
8407,12184.972773541613
8422,5356.21629782478
8428,7746.859433373974
8429,11301.841582074147
8433,6216.284966824533
8434,7932.644109876791
8444,9719.302681369332
8446,6286.182872429044
8450,10425.63640017909
8451,6626.998123161958
8452,10615.432294366998
8456,15909.567228298492
8458,7762.860010589719
8465,12276.589200436032
8466,7739.657871019944
8470,6064.540953746132
8476,20114.964832613707
8477,11244.497234356615
8488,8468.13441904169
8489,4840.064311521675
8494,7227.8238142792525
8503,5117.920602090021
8521,8872.49847329507
8524,10390.71727150334
8530,8484.811860595797
8541,8724.472555582042
8548,7623.01330184688
8556,7555.514818636819
8560,10036.058596442354
8573,6237.608590302076
8576,8715.600381582588
8580,5030.969312021443
8581,9495.980091368974
8595,12374.18125669278
8597,7567.784293528039
8610,10623.945726834214
8618,6552.856092671671
8619,9076.964971406407
8621,12280.122932769933
8626,7849.8585317791185
8630,5191.242957760392
8648,5509.179767278213
8653,6516.36252963878
8665,9166.358738829967
8671,7634.456951308983
8695,9294.037747428825
8710,8057.427094062324
8729,7309.203719711185
8733,11391.970184646241
8734,7184.535614236205
8735,4668.096158710048
8737,8699.266663667304
8739,7228.9298234484595
8757,6621.615172726958
8759,5456.943284161924
8763,6379.972252709018
8770,7667.3283569977275
8779,11995.165864546332
8781,10153.1437429633
8785,6501.731605634652
8786,11006.409453680251
8801,7205.655251730699
8802,8373.51187240347
8810,7648.2683659602835
8811,9442.866123545808
8812,9107.35379525737
8817,8647.701132081687
8819,7917.356746193934
8829,9787.542045902483
8831,9097.591251678512
8842,13860.0446438707
8843,8157.510455568806
8856,7403.902061351196
8858,5898.121942658712
8868,9305.239650747164
8883,7520.598130064011
8887,11357.62731181057
8890,7965.6099719406775
8892,8495.132209086341
8893,8921.794426894634
8898,5475.980375465568
8906,11603.462196157532
8917,9894.351062232137
8922,5154.736095266513
8923,9630.03930865464
8926,8958.88599196562
8936,6407.883437262203
8954,7090.304174453773
8957,5632.749726942179
8961,6285.896284579566
8975,9351.90720658845
8989,8808.881792191718
9001,9765.804813720211
9009,8992.733204957478
9016,9489.581396893196
9032,10680.54433109715
9035,13542.437189038425
9047,7167.84464814829
9048,10757.619611715534
9058,8457.160698573498
9064,7988.440569765555
9071,7044.030430341613
9074,6188.499033139366
9080,10480.775045411783
9083,8977.161504967797
9092,5236.989699175785
9097,7473.372641507829
9108,6438.994333061379
9115,7308.63378909144
9122,8060.782543491617
9126,7354.723075980729
9141,8331.478265801561
9142,7727.669463257749
9147,9296.734506344339
9162,6363.855780233453
9184,8311.152317100106
9185,6031.1100302385175
9193,10614.433043309535
9203,9403.894074494754
9213,7921.964053751375
9216,6515.226214557022
9225,6648.629035959646
9239,9892.691475136196
9247,7734.611661222592
9252,15319.598513709268
9275,10614.644402068649
9277,6558.102331275527
9284,6495.980506311313
9285,7349.994499669022
9287,8763.395003520152
9297,10958.101097256269
9305,11416.233953122477
9307,6705.9983289562015
9308,9680.757652142365
9326,5566.648779708079
9331,7542.750626440204
9332,8335.101703373293
9336,10260.38246028766
9340,6351.641469418574
9374,9128.19016219542
9379,4887.4589833911705
9381,5951.934222608354
9383,6663.46530320881
9386,5817.419736068514
9397,6263.239781795475
9413,14895.748690884757
9415,8835.582464726904
9429,7134.160874645448
9440,5915.700201851912
9442,12255.057627440336
9446,9004.593860451349
9451,5409.049550873139
9452,10973.296039992278
9461,6916.883114921791
9464,7477.741538184819
9472,7595.976805806487
9477,7089.605025643889
9479,9193.160060852017
9484,7244.544036747818
9489,9286.56617769839
9492,13602.209228423784
9499,9311.092741609107
9509,9968.7192266591
9511,5911.817701678238
9515,15247.800866664758
9527,7891.543379578005
9540,21670.808560172238
9542,8852.49181906904
9545,9370.852158805832
9554,5747.910374109096
9567,7135.127604121198
9573,5048.149925260235
9577,9526.535178752321
9578,3240.6228790287964
9582,10612.132060473115
9585,7192.134125258583
9586,8661.510171800413
9604,3558.744882017828
9625,11447.17562877364
9651,9408.845279208092
9656,8676.761306595206
9664,7581.6873090266845
9665,9075.196010236017
9666,8758.296200401985
9680,5748.417685300883
9683,5601.463167227193
9688,6562.073389143248
9691,7511.097819349999
9696,8336.34512440591
9701,9054.598439062094
9706,6492.214596425549
9709,7357.063686743002
9712,6175.730542563399
9714,8443.805278957492
9717,7334.67255082963
9731,10410.349736150336
9738,8257.038625026307
9748,6742.822188437147
9749,4831.742039952964
9751,7030.984001239198
9755,7635.9328273007595
9758,8668.181090666434
9795,7469.668517781159
9806,8400.71449995031
9809,8282.37706344243
9815,9823.851270870098
9824,4580.617260713507
9827,10454.327592442194
9831,8608.865638438321
9833,5926.264603820124
9836,8232.912537929671
9862,7377.5433893059135
9868,8701.242656541172
9869,9398.62227073052
9873,7385.553089842253
9875,9354.81790483069
9877,9114.521996329851
9887,7300.642264676899
9893,6017.112233596697
9896,10339.035705344853
9898,6827.579190535162
9902,6509.582900300838
9903,6637.473208515756
9904,9282.671146566574
9913,3532.421246101935
9919,8001.536035474907
9920,9356.171390571473
9926,8075.321416789438
9927,9699.184014830016
9928,6096.658975188003
9931,4856.791013845203
9943,6343.742139887434
9961,9030.159942091106
9965,5568.235333727709
9970,7044.742659226089
9981,7068.876449747386
9989,9762.377542436856
10019,9954.282928100998
10025,7862.625797612874
10035,6285.896284579566
10055,4995.7711330415905
10056,6766.012646154797
10061,7452.0918244259765
10067,5427.162230749256
10070,6968.6336913516525
10074,8984.430343664535
10079,7809.245538991033
10080,13462.687735867872
10082,6187.475550342645
10083,8483.740133691987
10086,5725.031272615659
10090,6506.474184918388
10092,8428.54688624528
10094,7260.372814088951
10097,9701.580775818406
10101,7194.604906895255
10111,11450.89839290313
10118,5906.909985091785
10120,11694.877003953028
10132,10207.863453595695
10136,9262.362028529977
10138,14716.13043455287
10147,6730.877346453075
10159,6368.920871371011
10160,7110.916264733211
10161,7422.420969471898
10162,8958.88599196562
10173,3872.654924476733
10178,7171.613962074903
10179,11095.802431369393
10182,7300.768582042981
10183,10228.087594449338
10184,6143.502997418004
10187,9990.467382415072
10189,14800.497206452259
10197,8324.99243347961
10200,5790.9441603537825
10201,1708.6155531855306
10202,12462.63791820722
10207,10633.554607205546
10213,12925.94401036849
10216,7501.635803929805
10219,6918.453362030646
10221,5482.656078087106
10225,9882.557080508264
10226,11242.179207985704
10244,7969.849871865148
10251,9339.902163897443
10261,14216.05909980549
10264,8189.748069763699
10267,7676.016402891371
10269,8865.752555550222
10275,9562.537269571723
10297,7690.030560966632
10299,7557.87054155906
10302,9535.38247721266
10320,16469.180889402967
10334,10783.095862212393
10335,14734.837489488644
10338,9703.531342943506
10347,10134.395911051852
10350,2822.4798220374087
10358,10107.280242435427
10359,6908.436796820618
10361,9305.430081458522
10364,5221.500948837613
10366,5059.212913525859
10376,6206.085091473975
10388,7173.810718752579
10403,18284.44381637392
10404,7452.3853037311565
10405,7043.711176784238
10421,7827.26873104701
10422,4824.728310863742
10426,6201.930953745286
10428,8108.175019523675
10434,7507.798429212344
10441,5496.058340175093
10449,8265.24590738556
10462,7821.534755713833
10463,9396.984301102322
10466,15651.937150084286
10469,6472.980341727297
10472,7240.212806046732
10485,8723.449654798727
10493,9169.279977767208
10496,7472.738250314165
10504,6827.837497931794
10511,7907.6479394687985
10520,7042.863658413585
10524,10105.111553120125
10535,10158.438395201965
10540,7863.046354455142
10541,5988.5014246616165
10543,8088.166051968524
10545,9071.411302647582
10550,9400.261896691103
10556,5687.877794860772
10568,12736.86954336382
10577,5969.31000561258
10581,6367.958762284674
10583,9048.880146075366
10589,9124.650545509008
10608,8366.880915889185
10610,6613.736981634687
10611,7965.816890206648
10614,6150.303926851986
10623,5328.729024048098
10630,6371.994958969548
10636,8704.659796764703
10642,10543.034288544224
10645,4771.412298390847
10646,6650.1943768574965
10650,6245.362512829266
10653,9419.98852595317
10656,4011.0163826002326
10671,10432.079182373738
10676,7158.778252621948
10681,8830.539552912276
10692,6393.846047682554
10697,6206.085091473975
10702,7186.178548049382
10706,9676.32409416764
10710,7645.111870211851
10713,8701.470600714418
10717,7992.516043874754
10723,5036.571273945939
10725,5053.560150719055
10736,8061.249936562326
10737,7180.238589795796
10738,6086.5221730473095
10758,7642.053573694973
10767,6987.305040782267
10769,6450.98452082231
10784,5550.3580201127315
10790,7824.038439758366
10799,8800.928091557114
10802,7921.566744484637
10804,8342.116078457408
10809,10547.488741674813
10824,6146.445489115891
10828,6021.086210150472
10830,12359.30866256253
10837,15175.421417751382
10838,9395.418269096404
10844,8374.185647917948
10850,9855.255241143157
10858,9452.935785327722
10861,7812.46952310678
10867,4476.125543833422
10875,6888.48830124369
10878,8282.796891069618
10879,5576.621757888135
10894,5845.489209096907
10895,8692.04402730472
10898,8842.657219983446
10906,9356.985773838873
10914,10355.2712120961
10916,8198.03591197976
10934,9527.551734910052
10943,10409.223307873184
10951,9979.703607229381
10953,7239.05643601796
10961,7174.616770116785
10970,15848.007318010834
10971,8820.079437251945
10975,6136.273702202274
10980,9010.016043719836
10982,7402.434343524968
10993,7624.940823314235
10995,11093.603652694896
11019,10409.223307873184
11022,7030.441070827166
11024,10907.57038290684
11027,9443.922378727464
11043,8389.353552188975
11053,5551.450841225513
11056,10400.18921048143
11068,8990.47858720577
11070,7969.998718847284
11078,8059.524827091262
11079,8733.211805361605
11088,9113.572731773995
11093,8107.353307200587
11102,9620.310232546264
11105,7573.596447667492
11109,10735.075033380846
11120,6585.622119436727
11150,7108.403081168677
11157,7456.171860387205
11173,14625.132325809209
11177,5995.5744237444505
11185,8126.233152936896
11187,8862.442805257382
11191,7082.1801802972695
11192,5185.368770392872
11193,7215.307623520719
11203,8296.507830066099
11204,15043.218280508041
11208,7606.586159511525
11223,6347.141301034332
11226,8846.003782473468
11228,11175.722099357357
11255,8715.31598722962
11257,10204.965355033473
11261,5856.878851710308
11268,8973.68637740694
11269,10247.8235225006
11276,6761.545541047533
11307,7032.365577947482
11320,9800.698284262213
11344,7349.181968449216
11347,5026.776985860975
11355,9994.725437109053
11364,10855.315203064605
11373,9121.313267548878
11394,5396.148318099972
11402,9580.487145556703
11408,8199.005694472373
11413,8381.303322255302
11428,7734.894019221892
11430,6112.042093744518
11445,9066.261350928125
11453,9361.978016251025
11456,6676.0837278270465
11461,10482.452516806068
11463,10280.142473309264
11465,7183.7544841289855
11466,6144.494404504232
11467,6813.367800824068
11476,7726.78844031584
11489,13824.969974323642
11502,2119.7479188709613
11513,5725.560853033004
11523,6706.827440088962
11524,6796.574793956913
11532,7918.362991302137
11533,10369.165100755616
11538,7476.907127957653
11542,6407.434235879232
11543,6674.4069284807965
11545,6645.106265588943
11546,13197.06862405622
11553,8265.187537508178
11557,6014.584478029199
11559,15209.16966136351
11570,7835.728015222124
11572,6944.080380633868
